Chr01	1277970	1278131	INPUT-poplar_S20_raw_bowtie2_PopTremAlba_nomixed_sorted_rmdup_picard_peak_310	43	.	3.33333	4.33257	0.51068	139
Chr01	2827017	2827139	INPUT-poplar_S20_raw_bowtie2_PopTremAlba_nomixed_sorted_rmdup_picard_peak_633	34	.	3.04878	3.40195	0.0	117
Chr01	3763077	3763149	INPUT-poplar_S20_raw_bowtie2_PopTremAlba_nomixed_sorted_rmdup_picard_peak_835	44	.	3.25829	4.40479	0.56316	24
Chr01	4426904	4426976	INPUT-poplar_S20_raw_bowtie2_PopTremAlba_nomixed_sorted_rmdup_picard_peak_991	45	.	3.7174699999999996	4.55561	0.68076	51
Chr01	4793188	4793263	INPUT-poplar_S20_raw_bowtie2_PopTremAlba_nomixed_sorted_rmdup_picard_peak_1099	40	.	3.4860599999999997	4.05843	0.36314	19
Chr01	4971296	4971389	INPUT-poplar_S20_raw_bowtie2_PopTremAlba_nomixed_sorted_rmdup_picard_peak_1138	40	.	3.5	4.07966	0.36314	79
Chr01	6054616	6054715	INPUT-poplar_S20_raw_bowtie2_PopTremAlba_nomixed_sorted_rmdup_picard_peak_1368	37	.	3.3256099999999997	3.72232	0.13613	30
Chr01	6712136	6712216	INPUT-poplar_S20_raw_bowtie2_PopTremAlba_nomixed_sorted_rmdup_picard_peak_1540	47	.	3.25	4.79185	0.8295	53
Chr01	7343641	7343804	INPUT-poplar_S20_raw_bowtie2_PopTremAlba_nomixed_sorted_rmdup_picard_peak_1701	35	.	3.21888	3.5572800000000004	0.06044	25
Chr01	7498368	7498472	INPUT-poplar_S20_raw_bowtie2_PopTremAlba_nomixed_sorted_rmdup_picard_peak_1740	40	.	3.44896	4.00206	0.34962	70
Chr01	8097062	8097134	INPUT-poplar_S20_raw_bowtie2_PopTremAlba_nomixed_sorted_rmdup_picard_peak_1879	38	.	3.3653800000000005	3.8756199999999996	0.24964	66
Chr01	15115201	15115341	INPUT-poplar_S20_raw_bowtie2_PopTremAlba_nomixed_sorted_rmdup_picard_peak_3503	64	.	3.33333	6.46191	2.02916	20
Chr01	15758416	15758568	INPUT-poplar_S20_raw_bowtie2_PopTremAlba_nomixed_sorted_rmdup_picard_peak_3645	40	.	3.5	4.07966	0.36314	12
Chr01	15996179	15996320	INPUT-poplar_S20_raw_bowtie2_PopTremAlba_nomixed_sorted_rmdup_picard_peak_3698	43	.	3.33333	4.33257	0.51068	22
Chr01	16752173	16752245	INPUT-poplar_S20_raw_bowtie2_PopTremAlba_nomixed_sorted_rmdup_picard_peak_3862	35	.	3.21888	3.5572800000000004	0.06044	53
Chr01	17052085	17052198	INPUT-poplar_S20_raw_bowtie2_PopTremAlba_nomixed_sorted_rmdup_picard_peak_3926	35	.	3.14748	3.5488800000000005	0.06044	4
Chr01	17585629	17585743	INPUT-poplar_S20_raw_bowtie2_PopTremAlba_nomixed_sorted_rmdup_picard_peak_4040	37	.	3.25279	3.70632	0.13613	27
Chr01	17608447	17608520	INPUT-poplar_S20_raw_bowtie2_PopTremAlba_nomixed_sorted_rmdup_picard_peak_4047	58	.	3.16667	5.85335	1.5913700000000002	13
Chr01	18833623	18833732	INPUT-poplar_S20_raw_bowtie2_PopTremAlba_nomixed_sorted_rmdup_picard_peak_4223	40	.	3.5	4.07966	0.36314	98
Chr01	18920927	18921017	INPUT-poplar_S20_raw_bowtie2_PopTremAlba_nomixed_sorted_rmdup_picard_peak_4233	34	.	3.04878	3.40195	0.0	59
Chr01	19097893	19098034	INPUT-poplar_S20_raw_bowtie2_PopTremAlba_nomixed_sorted_rmdup_picard_peak_4278	47	.	3.84615	4.75242	0.80909	119
Chr01	19256143	19256305	INPUT-poplar_S20_raw_bowtie2_PopTremAlba_nomixed_sorted_rmdup_picard_peak_4307	40	.	3.5	4.07966	0.36314	28
Chr01	20025720	20025792	INPUT-poplar_S20_raw_bowtie2_PopTremAlba_nomixed_sorted_rmdup_picard_peak_4431	56	.	4.326919999999999	5.67891	1.46094	42
Chr01	22340332	22340514	INPUT-poplar_S20_raw_bowtie2_PopTremAlba_nomixed_sorted_rmdup_picard_peak_4920	58	.	4.0	5.86499	1.5928	30
Chr01	22949784	22949944	INPUT-poplar_S20_raw_bowtie2_PopTremAlba_nomixed_sorted_rmdup_picard_peak_5046	59	.	3.4	5.9458400000000005	1.6399099999999998	30
Chr01	24107821	24107961	INPUT-poplar_S20_raw_bowtie2_PopTremAlba_nomixed_sorted_rmdup_picard_peak_5254	45	.	3.8293199999999996	4.58898	0.70658	22
Chr01	26073315	26073474	INPUT-poplar_S20_raw_bowtie2_PopTremAlba_nomixed_sorted_rmdup_picard_peak_5723	46	.	3.8798800000000004	4.668769999999999	0.7621100000000001	125
Chr01	26894395	26894532	INPUT-poplar_S20_raw_bowtie2_PopTremAlba_nomixed_sorted_rmdup_picard_peak_5921	50	.	3.91986	5.04971	1.01166	120
Chr01	32967758	32967830	INPUT-poplar_S20_raw_bowtie2_PopTremAlba_nomixed_sorted_rmdup_picard_peak_7278	40	.	3.5	4.07966	0.36314	52
Chr01	33018804	33019028	INPUT-poplar_S20_raw_bowtie2_PopTremAlba_nomixed_sorted_rmdup_picard_peak_7294	35	.	3.14748	3.5488800000000005	0.06044	107
Chr01	35490019	35490105	INPUT-poplar_S20_raw_bowtie2_PopTremAlba_nomixed_sorted_rmdup_picard_peak_7888	47	.	3.84615	4.75242	0.80909	8
Chr01	36065419	36065491	INPUT-poplar_S20_raw_bowtie2_PopTremAlba_nomixed_sorted_rmdup_picard_peak_8026	38	.	3.3653800000000005	3.8756199999999996	0.24964	14
Chr01	41472572	41472738	INPUT-poplar_S20_raw_bowtie2_PopTremAlba_nomixed_sorted_rmdup_picard_peak_9087	40	.	3.5	4.07966	0.36314	148
Chr01	41616383	41616569	INPUT-poplar_S20_raw_bowtie2_PopTremAlba_nomixed_sorted_rmdup_picard_peak_9111	76	.	3.4285699999999997	7.605239999999999	2.8656200000000003	151
Chr01	43358411	43358531	INPUT-poplar_S20_raw_bowtie2_PopTremAlba_nomixed_sorted_rmdup_picard_peak_9511	40	.	3.5	4.07966	0.36314	26
Chr01	45867228	45867389	INPUT-poplar_S20_raw_bowtie2_PopTremAlba_nomixed_sorted_rmdup_picard_peak_9957	45	.	3.7174699999999996	4.55561	0.68076	134
Chr01	46045195	46045354	INPUT-poplar_S20_raw_bowtie2_PopTremAlba_nomixed_sorted_rmdup_picard_peak_9986	53	.	3.2	5.31046	1.18394	35
Chr01	47861075	47861316	INPUT-poplar_S20_raw_bowtie2_PopTremAlba_nomixed_sorted_rmdup_picard_peak_10227	38	.	3.3653800000000005	3.8756199999999996	0.24964	162
Chr01	49248047	49248132	INPUT-poplar_S20_raw_bowtie2_PopTremAlba_nomixed_sorted_rmdup_picard_peak_10494	38	.	3.3653800000000005	3.8756199999999996	0.24964	59
Chr02	504537	504618	INPUT-poplar_S20_raw_bowtie2_PopTremAlba_nomixed_sorted_rmdup_picard_peak_10868	39	.	3.00218	3.97071	0.32122	53
Chr02	612232	612329	INPUT-poplar_S20_raw_bowtie2_PopTremAlba_nomixed_sorted_rmdup_picard_peak_10891	35	.	3.14748	3.5488800000000005	0.06044	63
Chr02	1637348	1637489	INPUT-poplar_S20_raw_bowtie2_PopTremAlba_nomixed_sorted_rmdup_picard_peak_11169	40	.	3.5	4.07966	0.36314	22
Chr02	3865842	3865914	INPUT-poplar_S20_raw_bowtie2_PopTremAlba_nomixed_sorted_rmdup_picard_peak_11713	37	.	3.25279	3.70632	0.13613	19
Chr02	3884114	3884186	INPUT-poplar_S20_raw_bowtie2_PopTremAlba_nomixed_sorted_rmdup_picard_peak_11716	38	.	3.34225	3.8407400000000003	0.22878	23
Chr02	7735101	7735191	INPUT-poplar_S20_raw_bowtie2_PopTremAlba_nomixed_sorted_rmdup_picard_peak_12690	36	.	3.09598	3.6131599999999997	0.08377000000000001	34
Chr02	8262159	8262231	INPUT-poplar_S20_raw_bowtie2_PopTremAlba_nomixed_sorted_rmdup_picard_peak_12811	40	.	3.5	4.07966	0.36314	49
Chr02	9611804	9611943	INPUT-poplar_S20_raw_bowtie2_PopTremAlba_nomixed_sorted_rmdup_picard_peak_13146	40	.	3.3783800000000004	4.04065	0.36314	25
Chr02	11139487	11139559	INPUT-poplar_S20_raw_bowtie2_PopTremAlba_nomixed_sorted_rmdup_picard_peak_13513	40	.	3.5	4.07966	0.36314	51
Chr02	12756823	12756906	INPUT-poplar_S20_raw_bowtie2_PopTremAlba_nomixed_sorted_rmdup_picard_peak_13909	38	.	3.3653800000000005	3.8756199999999996	0.24964	66
Chr02	15116347	15116508	INPUT-poplar_S20_raw_bowtie2_PopTremAlba_nomixed_sorted_rmdup_picard_peak_14433	37	.	3.3256099999999997	3.72232	0.13613	144
Chr02	17859247	17859321	INPUT-poplar_S20_raw_bowtie2_PopTremAlba_nomixed_sorted_rmdup_picard_peak_14990	40	.	3.5	4.07966	0.36314	29
Chr02	18284415	18284527	INPUT-poplar_S20_raw_bowtie2_PopTremAlba_nomixed_sorted_rmdup_picard_peak_15048	43	.	3.33333	4.33257	0.51068	64
Chr02	18889152	18889333	INPUT-poplar_S20_raw_bowtie2_PopTremAlba_nomixed_sorted_rmdup_picard_peak_15106	45	.	3.7174699999999996	4.55561	0.68076	152
Chr02	18975319	18975489	INPUT-poplar_S20_raw_bowtie2_PopTremAlba_nomixed_sorted_rmdup_picard_peak_15119	35	.	3.21888	3.5572800000000004	0.06044	31
Chr02	22310507	22310627	INPUT-poplar_S20_raw_bowtie2_PopTremAlba_nomixed_sorted_rmdup_picard_peak_15751	37	.	3.3256099999999997	3.72232	0.13613	95
Chr02	22596905	22596977	INPUT-poplar_S20_raw_bowtie2_PopTremAlba_nomixed_sorted_rmdup_picard_peak_15814	40	.	3.5	4.07966	0.36314	21
Chr02	25181012	25181150	INPUT-poplar_S20_raw_bowtie2_PopTremAlba_nomixed_sorted_rmdup_picard_peak_16368	76	.	5.28846	7.66189	2.90785	106
Chr03	677511	677654	INPUT-poplar_S20_raw_bowtie2_PopTremAlba_nomixed_sorted_rmdup_picard_peak_16500	46	.	3.8798800000000004	4.668769999999999	0.7621100000000001	109
Chr03	1294871	1295001	INPUT-poplar_S20_raw_bowtie2_PopTremAlba_nomixed_sorted_rmdup_picard_peak_16603	38	.	3.3653800000000005	3.8756199999999996	0.24964	11
Chr03	1346940	1347105	INPUT-poplar_S20_raw_bowtie2_PopTremAlba_nomixed_sorted_rmdup_picard_peak_16612	43	.	3.33333	4.33257	0.51068	12
Chr03	1521811	1521883	INPUT-poplar_S20_raw_bowtie2_PopTremAlba_nomixed_sorted_rmdup_picard_peak_16639	49	.	4.0	4.98931	0.9591299999999999	49
Chr03	2020958	2021030	INPUT-poplar_S20_raw_bowtie2_PopTremAlba_nomixed_sorted_rmdup_picard_peak_16717	34	.	3.04878	3.40195	0.0	48
Chr03	3639584	3639713	INPUT-poplar_S20_raw_bowtie2_PopTremAlba_nomixed_sorted_rmdup_picard_peak_17030	38	.	3.3653800000000005	3.8756199999999996	0.24964	15
Chr03	4765169	4765250	INPUT-poplar_S20_raw_bowtie2_PopTremAlba_nomixed_sorted_rmdup_picard_peak_17247	47	.	3.25	4.79185	0.8295	9
Chr03	6200526	6200650	INPUT-poplar_S20_raw_bowtie2_PopTremAlba_nomixed_sorted_rmdup_picard_peak_17513	43	.	3.33333	4.33257	0.51068	103
Chr03	6913555	6913718	INPUT-poplar_S20_raw_bowtie2_PopTremAlba_nomixed_sorted_rmdup_picard_peak_17624	49	.	4.0	4.98931	0.9591299999999999	25
Chr03	7307803	7307875	INPUT-poplar_S20_raw_bowtie2_PopTremAlba_nomixed_sorted_rmdup_picard_peak_17689	40	.	3.5	4.07966	0.36314	53
Chr03	7532981	7533117	INPUT-poplar_S20_raw_bowtie2_PopTremAlba_nomixed_sorted_rmdup_picard_peak_17728	35	.	3.14748	3.5488800000000005	0.06044	23
Chr03	8688332	8688471	INPUT-poplar_S20_raw_bowtie2_PopTremAlba_nomixed_sorted_rmdup_picard_peak_17964	40	.	3.5	4.07966	0.36314	111
Chr03	10288589	10288729	INPUT-poplar_S20_raw_bowtie2_PopTremAlba_nomixed_sorted_rmdup_picard_peak_18307	35	.	3.21888	3.5572800000000004	0.06044	29
Chr03	10745880	10745952	INPUT-poplar_S20_raw_bowtie2_PopTremAlba_nomixed_sorted_rmdup_picard_peak_18411	48	.	3.8006800000000003	4.86615	0.88705	52
Chr03	12347038	12347187	INPUT-poplar_S20_raw_bowtie2_PopTremAlba_nomixed_sorted_rmdup_picard_peak_18765	34	.	3.04878	3.40195	0.0	123
Chr03	12389539	12389611	INPUT-poplar_S20_raw_bowtie2_PopTremAlba_nomixed_sorted_rmdup_picard_peak_18777	34	.	3.04878	3.40195	0.0	31
Chr03	15776784	15776881	INPUT-poplar_S20_raw_bowtie2_PopTremAlba_nomixed_sorted_rmdup_picard_peak_19631	49	.	4.0	4.98931	0.9591299999999999	26
Chr03	18961317	18961401	INPUT-poplar_S20_raw_bowtie2_PopTremAlba_nomixed_sorted_rmdup_picard_peak_20452	35	.	3.14748	3.5488800000000005	0.06044	20
Chr03	20700385	20700574	INPUT-poplar_S20_raw_bowtie2_PopTremAlba_nomixed_sorted_rmdup_picard_peak_20835	35	.	3.21888	3.5572800000000004	0.06044	154
Chr04	242036	242208	INPUT-poplar_S20_raw_bowtie2_PopTremAlba_nomixed_sorted_rmdup_picard_peak_21126	50	.	3.66667	5.08049	1.0182799999999999	150
Chr04	1004814	1004952	INPUT-poplar_S20_raw_bowtie2_PopTremAlba_nomixed_sorted_rmdup_picard_peak_21291	37	.	3.3256099999999997	3.72232	0.13613	23
Chr04	2115226	2115300	INPUT-poplar_S20_raw_bowtie2_PopTremAlba_nomixed_sorted_rmdup_picard_peak_21509	40	.	3.5	4.07966	0.36314	51
Chr04	5319252	5319328	INPUT-poplar_S20_raw_bowtie2_PopTremAlba_nomixed_sorted_rmdup_picard_peak_22206	43	.	3.33333	4.33257	0.51068	7
Chr04	8284243	8284315	INPUT-poplar_S20_raw_bowtie2_PopTremAlba_nomixed_sorted_rmdup_picard_peak_22773	50	.	3.91986	5.04971	1.01166	47
Chr04	8842754	8842866	INPUT-poplar_S20_raw_bowtie2_PopTremAlba_nomixed_sorted_rmdup_picard_peak_22888	33	.	3.09917	3.3750400000000003	0.0	21
Chr04	9807688	9807847	INPUT-poplar_S20_raw_bowtie2_PopTremAlba_nomixed_sorted_rmdup_picard_peak_23069	58	.	3.16667	5.85335	1.5913700000000002	33
Chr04	11506782	11506911	INPUT-poplar_S20_raw_bowtie2_PopTremAlba_nomixed_sorted_rmdup_picard_peak_23366	43	.	3.59712	4.37237	0.53861	15
Chr04	13084414	13084576	INPUT-poplar_S20_raw_bowtie2_PopTremAlba_nomixed_sorted_rmdup_picard_peak_23590	38	.	3.3653800000000005	3.8756199999999996	0.24964	147
Chr04	15609413	15609543	INPUT-poplar_S20_raw_bowtie2_PopTremAlba_nomixed_sorted_rmdup_picard_peak_23970	40	.	3.4860599999999997	4.05843	0.36314	26
Chr04	17150856	17151028	INPUT-poplar_S20_raw_bowtie2_PopTremAlba_nomixed_sorted_rmdup_picard_peak_24278	37	.	3.3256099999999997	3.72232	0.13613	151
Chr04	19719376	19719484	INPUT-poplar_S20_raw_bowtie2_PopTremAlba_nomixed_sorted_rmdup_picard_peak_24858	34	.	3.04878	3.40195	0.0	96
Chr04	21072082	21072154	INPUT-poplar_S20_raw_bowtie2_PopTremAlba_nomixed_sorted_rmdup_picard_peak_25178	40	.	3.5	4.07966	0.36314	61
Chr04	22663544	22663628	INPUT-poplar_S20_raw_bowtie2_PopTremAlba_nomixed_sorted_rmdup_picard_peak_25596	40	.	3.5	4.07966	0.36314	13
Chr04	22976901	22977069	INPUT-poplar_S20_raw_bowtie2_PopTremAlba_nomixed_sorted_rmdup_picard_peak_25626	35	.	3.14748	3.5488800000000005	0.06044	33
Chr04	23170366	23170457	INPUT-poplar_S20_raw_bowtie2_PopTremAlba_nomixed_sorted_rmdup_picard_peak_25680	35	.	3.14748	3.5488800000000005	0.06044	66
Chr04	23783812	23783894	INPUT-poplar_S20_raw_bowtie2_PopTremAlba_nomixed_sorted_rmdup_picard_peak_25812	46	.	3.6885199999999996	4.69341	0.77781	58
Chr05	1076805	1076877	INPUT-poplar_S20_raw_bowtie2_PopTremAlba_nomixed_sorted_rmdup_picard_peak_26114	35	.	3.14748	3.5488800000000005	0.06044	19
Chr05	1263397	1263490	INPUT-poplar_S20_raw_bowtie2_PopTremAlba_nomixed_sorted_rmdup_picard_peak_26160	37	.	3.25279	3.70632	0.13613	80
Chr05	2188090	2188244	INPUT-poplar_S20_raw_bowtie2_PopTremAlba_nomixed_sorted_rmdup_picard_peak_26346	40	.	3.5	4.07966	0.36314	8
Chr05	3117782	3117938	INPUT-poplar_S20_raw_bowtie2_PopTremAlba_nomixed_sorted_rmdup_picard_peak_26517	38	.	3.1337	3.8339300000000005	0.22374000000000002	32
Chr05	3144046	3144186	INPUT-poplar_S20_raw_bowtie2_PopTremAlba_nomixed_sorted_rmdup_picard_peak_26522	37	.	3.3256099999999997	3.72232	0.13613	29
Chr05	5040066	5040140	INPUT-poplar_S20_raw_bowtie2_PopTremAlba_nomixed_sorted_rmdup_picard_peak_26977	40	.	3.3783800000000004	4.04065	0.36314	26
Chr05	7318608	7318782	INPUT-poplar_S20_raw_bowtie2_PopTremAlba_nomixed_sorted_rmdup_picard_peak_27498	40	.	3.4860599999999997	4.05843	0.36314	33
Chr05	7795674	7795748	INPUT-poplar_S20_raw_bowtie2_PopTremAlba_nomixed_sorted_rmdup_picard_peak_27609	37	.	3.18471	3.7475199999999997	0.15562	25
Chr05	8197517	8197656	INPUT-poplar_S20_raw_bowtie2_PopTremAlba_nomixed_sorted_rmdup_picard_peak_27700	34	.	3.04878	3.40195	0.0	110
Chr05	9024601	9024741	INPUT-poplar_S20_raw_bowtie2_PopTremAlba_nomixed_sorted_rmdup_picard_peak_27886	40	.	3.5	4.07966	0.36314	119
Chr05	9597894	9598046	INPUT-poplar_S20_raw_bowtie2_PopTremAlba_nomixed_sorted_rmdup_picard_peak_28014	37	.	3.3256099999999997	3.72232	0.13613	134
Chr05	20169645	20169727	INPUT-poplar_S20_raw_bowtie2_PopTremAlba_nomixed_sorted_rmdup_picard_peak_29899	40	.	3.5	4.07966	0.36314	57
Chr06	904381	904510	INPUT-poplar_S20_raw_bowtie2_PopTremAlba_nomixed_sorted_rmdup_picard_peak_31499	59	.	4.482069999999999	5.920719999999999	1.6354	95
Chr06	1406217	1406335	INPUT-poplar_S20_raw_bowtie2_PopTremAlba_nomixed_sorted_rmdup_picard_peak_31601	35	.	3.14748	3.5488800000000005	0.06044	91
Chr06	1870364	1870530	INPUT-poplar_S20_raw_bowtie2_PopTremAlba_nomixed_sorted_rmdup_picard_peak_31705	47	.	3.25	4.79185	0.8295	134
Chr06	6660884	6661041	INPUT-poplar_S20_raw_bowtie2_PopTremAlba_nomixed_sorted_rmdup_picard_peak_32808	33	.	3.06498	3.32349	0.0	122
Chr06	6916504	6916576	INPUT-poplar_S20_raw_bowtie2_PopTremAlba_nomixed_sorted_rmdup_picard_peak_32866	40	.	3.4860599999999997	4.05843	0.36314	52
Chr06	9643746	9643940	INPUT-poplar_S20_raw_bowtie2_PopTremAlba_nomixed_sorted_rmdup_picard_peak_33516	36	.	3.2566200000000003	3.61534	0.08377000000000001	34
Chr06	10312655	10312733	INPUT-poplar_S20_raw_bowtie2_PopTremAlba_nomixed_sorted_rmdup_picard_peak_33663	40	.	3.4860599999999997	4.05843	0.36314	55
Chr06	12332455	12332531	INPUT-poplar_S20_raw_bowtie2_PopTremAlba_nomixed_sorted_rmdup_picard_peak_34116	37	.	3.25279	3.70632	0.13613	11
Chr06	16269090	16269185	INPUT-poplar_S20_raw_bowtie2_PopTremAlba_nomixed_sorted_rmdup_picard_peak_34695	40	.	3.4860599999999997	4.05843	0.36314	24
Chr06	16615985	16616067	INPUT-poplar_S20_raw_bowtie2_PopTremAlba_nomixed_sorted_rmdup_picard_peak_34734	43	.	3.33333	4.33257	0.51068	49
Chr06	18365382	18365458	INPUT-poplar_S20_raw_bowtie2_PopTremAlba_nomixed_sorted_rmdup_picard_peak_35014	49	.	4.0	4.98931	0.9591299999999999	15
Chr06	23826438	23826599	INPUT-poplar_S20_raw_bowtie2_PopTremAlba_nomixed_sorted_rmdup_picard_peak_36172	40	.	3.4860599999999997	4.05843	0.36314	140
Chr06	25977153	25977247	INPUT-poplar_S20_raw_bowtie2_PopTremAlba_nomixed_sorted_rmdup_picard_peak_36679	36	.	3.2694	3.63507	0.09307	69
Chr06	25983267	25983359	INPUT-poplar_S20_raw_bowtie2_PopTremAlba_nomixed_sorted_rmdup_picard_peak_36681	35	.	3.21888	3.5572800000000004	0.06044	62
Chr06	26886705	26886789	INPUT-poplar_S20_raw_bowtie2_PopTremAlba_nomixed_sorted_rmdup_picard_peak_36901	34	.	3.04878	3.40195	0.0	14
Chr06	26998677	26998842	INPUT-poplar_S20_raw_bowtie2_PopTremAlba_nomixed_sorted_rmdup_picard_peak_36932	49	.	4.0	4.98931	0.9591299999999999	34
Chr06	27452165	27452238	INPUT-poplar_S20_raw_bowtie2_PopTremAlba_nomixed_sorted_rmdup_picard_peak_37026	40	.	3.16456	4.06036	0.36314	48
Chr07	722435	722636	INPUT-poplar_S20_raw_bowtie2_PopTremAlba_nomixed_sorted_rmdup_picard_peak_37297	40	.	3.5	4.07966	0.36314	17
Chr07	3836477	3836641	INPUT-poplar_S20_raw_bowtie2_PopTremAlba_nomixed_sorted_rmdup_picard_peak_38048	40	.	3.5	4.07966	0.36314	128
Chr07	6847597	6847749	INPUT-poplar_S20_raw_bowtie2_PopTremAlba_nomixed_sorted_rmdup_picard_peak_38601	42	.	3.48432	4.20115	0.43249	142
Chr07	7390428	7390610	INPUT-poplar_S20_raw_bowtie2_PopTremAlba_nomixed_sorted_rmdup_picard_peak_38641	38	.	3.3653800000000005	3.8756199999999996	0.24964	24
Chr07	8360639	8360762	INPUT-poplar_S20_raw_bowtie2_PopTremAlba_nomixed_sorted_rmdup_picard_peak_38766	40	.	3.5	4.07966	0.36314	114
Chr07	12589550	12589652	INPUT-poplar_S20_raw_bowtie2_PopTremAlba_nomixed_sorted_rmdup_picard_peak_39628	40	.	3.5	4.07966	0.36314	66
Chr07	14230172	14230265	INPUT-poplar_S20_raw_bowtie2_PopTremAlba_nomixed_sorted_rmdup_picard_peak_40020	37	.	3.25279	3.70632	0.13613	32
Chr08	589119	589242	INPUT-poplar_S20_raw_bowtie2_PopTremAlba_nomixed_sorted_rmdup_picard_peak_40452	37	.	3.25279	3.70632	0.13613	104
Chr08	986265	986344	INPUT-poplar_S20_raw_bowtie2_PopTremAlba_nomixed_sorted_rmdup_picard_peak_40551	37	.	3.18471	3.7475199999999997	0.15562	26
Chr08	4933527	4933633	INPUT-poplar_S20_raw_bowtie2_PopTremAlba_nomixed_sorted_rmdup_picard_peak_41608	40	.	3.5	4.07966	0.36314	17
Chr08	14430865	14431019	INPUT-poplar_S20_raw_bowtie2_PopTremAlba_nomixed_sorted_rmdup_picard_peak_43872	39	.	3.09406	3.9458300000000004	0.30105	22
Chr08	15108135	15108294	INPUT-poplar_S20_raw_bowtie2_PopTremAlba_nomixed_sorted_rmdup_picard_peak_44002	44	.	3.25829	4.40479	0.56316	127
Chr08	17934256	17934335	INPUT-poplar_S20_raw_bowtie2_PopTremAlba_nomixed_sorted_rmdup_picard_peak_44397	40	.	3.3783800000000004	4.04065	0.36314	48
Chr08	19112494	19112630	INPUT-poplar_S20_raw_bowtie2_PopTremAlba_nomixed_sorted_rmdup_picard_peak_44595	54	.	3.17828	5.46951	1.29859	114
Chr08	19112747	19112897	INPUT-poplar_S20_raw_bowtie2_PopTremAlba_nomixed_sorted_rmdup_picard_peak_44596	49	.	3.01978	4.93045	0.9350700000000001	125
Chr09	5806751	5806852	INPUT-poplar_S20_raw_bowtie2_PopTremAlba_nomixed_sorted_rmdup_picard_peak_45765	35	.	3.14748	3.5488800000000005	0.06044	98
Chr09	7793243	7793336	INPUT-poplar_S20_raw_bowtie2_PopTremAlba_nomixed_sorted_rmdup_picard_peak_46242	40	.	3.4860599999999997	4.05843	0.36314	71
Chr09	9148069	9148248	INPUT-poplar_S20_raw_bowtie2_PopTremAlba_nomixed_sorted_rmdup_picard_peak_46596	40	.	3.5	4.07966	0.36314	152
Chr09	11682899	11683040	INPUT-poplar_S20_raw_bowtie2_PopTremAlba_nomixed_sorted_rmdup_picard_peak_47205	40	.	3.5	4.07966	0.36314	27
Chr10	4453551	4453706	INPUT-poplar_S20_raw_bowtie2_PopTremAlba_nomixed_sorted_rmdup_picard_peak_48266	38	.	3.3653800000000005	3.8756199999999996	0.24964	16
Chr10	5602209	5602399	INPUT-poplar_S20_raw_bowtie2_PopTremAlba_nomixed_sorted_rmdup_picard_peak_48410	37	.	3.25279	3.70632	0.13613	24
Chr10	5808785	5808913	INPUT-poplar_S20_raw_bowtie2_PopTremAlba_nomixed_sorted_rmdup_picard_peak_48448	53	.	3.2	5.31046	1.18394	26
Chr10	7141062	7141181	INPUT-poplar_S20_raw_bowtie2_PopTremAlba_nomixed_sorted_rmdup_picard_peak_48654	40	.	3.5	4.07966	0.36314	20
Chr10	7216339	7216416	INPUT-poplar_S20_raw_bowtie2_PopTremAlba_nomixed_sorted_rmdup_picard_peak_48672	34	.	3.04878	3.40195	0.0	41
Chr10	7610554	7610722	INPUT-poplar_S20_raw_bowtie2_PopTremAlba_nomixed_sorted_rmdup_picard_peak_48756	35	.	3.14748	3.5488800000000005	0.06044	32
Chr10	7612201	7612384	INPUT-poplar_S20_raw_bowtie2_PopTremAlba_nomixed_sorted_rmdup_picard_peak_48757	35	.	3.21888	3.5572800000000004	0.06044	19
Chr10	11377375	11377447	INPUT-poplar_S20_raw_bowtie2_PopTremAlba_nomixed_sorted_rmdup_picard_peak_49568	34	.	3.04878	3.40195	0.0	45
Chr10	12304774	12304888	INPUT-poplar_S20_raw_bowtie2_PopTremAlba_nomixed_sorted_rmdup_picard_peak_49823	40	.	3.16456	4.06036	0.36314	25
Chr10	12639136	12639279	INPUT-poplar_S20_raw_bowtie2_PopTremAlba_nomixed_sorted_rmdup_picard_peak_49919	34	.	3.15789	3.4640800000000005	0.01344	18
Chr10	13282293	13282373	INPUT-poplar_S20_raw_bowtie2_PopTremAlba_nomixed_sorted_rmdup_picard_peak_50076	49	.	4.0	4.98931	0.9591299999999999	58
Chr10	14747013	14747161	INPUT-poplar_S20_raw_bowtie2_PopTremAlba_nomixed_sorted_rmdup_picard_peak_50434	40	.	3.29912	4.09154	0.36977	23
Chr10	14832485	14832607	INPUT-poplar_S20_raw_bowtie2_PopTremAlba_nomixed_sorted_rmdup_picard_peak_50449	38	.	3.3653800000000005	3.8756199999999996	0.24964	13
Chr10	16305700	16305861	INPUT-poplar_S20_raw_bowtie2_PopTremAlba_nomixed_sorted_rmdup_picard_peak_50792	40	.	3.5	4.07966	0.36314	37
Chr10	20413500	20413580	INPUT-poplar_S20_raw_bowtie2_PopTremAlba_nomixed_sorted_rmdup_picard_peak_51833	33	.	3.09917	3.3750400000000003	0.0	28
Chr10	21272666	21272769	INPUT-poplar_S20_raw_bowtie2_PopTremAlba_nomixed_sorted_rmdup_picard_peak_52039	40	.	3.4860599999999997	4.05843	0.36314	75
Chr10	21956503	21956583	INPUT-poplar_S20_raw_bowtie2_PopTremAlba_nomixed_sorted_rmdup_picard_peak_52195	44	.	3.3967400000000003	4.43417	0.58502	25
Chr11	1176449	1176579	INPUT-poplar_S20_raw_bowtie2_PopTremAlba_nomixed_sorted_rmdup_picard_peak_52578	41	.	3.23834	4.17969	0.4168	112
Chr11	1690935	1691087	INPUT-poplar_S20_raw_bowtie2_PopTremAlba_nomixed_sorted_rmdup_picard_peak_52681	37	.	3.3256099999999997	3.72232	0.13613	31
Chr11	2173205	2173277	INPUT-poplar_S20_raw_bowtie2_PopTremAlba_nomixed_sorted_rmdup_picard_peak_52790	40	.	3.5	4.07966	0.36314	50
Chr11	2697592	2697739	INPUT-poplar_S20_raw_bowtie2_PopTremAlba_nomixed_sorted_rmdup_picard_peak_52910	46	.	3.8798800000000004	4.668769999999999	0.7621100000000001	116
Chr11	3312075	3312147	INPUT-poplar_S20_raw_bowtie2_PopTremAlba_nomixed_sorted_rmdup_picard_peak_53008	42	.	3.48432	4.20115	0.43249	57
Chr11	4750740	4750818	INPUT-poplar_S20_raw_bowtie2_PopTremAlba_nomixed_sorted_rmdup_picard_peak_53313	39	.	3.09406	3.9458300000000004	0.30105	47
Chr11	10850094	10850166	INPUT-poplar_S20_raw_bowtie2_PopTremAlba_nomixed_sorted_rmdup_picard_peak_54347	37	.	3.3081300000000002	3.78939	0.18375	28
Chr11	11225996	11226139	INPUT-poplar_S20_raw_bowtie2_PopTremAlba_nomixed_sorted_rmdup_picard_peak_54419	46	.	3.8798800000000004	4.668769999999999	0.7621100000000001	24
Chr11	12845054	12845212	INPUT-poplar_S20_raw_bowtie2_PopTremAlba_nomixed_sorted_rmdup_picard_peak_54723	37	.	3.3256099999999997	3.72232	0.13613	29
Chr11	13017932	13018077	INPUT-poplar_S20_raw_bowtie2_PopTremAlba_nomixed_sorted_rmdup_picard_peak_54755	37	.	3.25279	3.70632	0.13613	132
Chr11	16702061	16702222	INPUT-poplar_S20_raw_bowtie2_PopTremAlba_nomixed_sorted_rmdup_picard_peak_55528	33	.	3.09917	3.3750400000000003	0.0	31
Chr11	16710542	16710618	INPUT-poplar_S20_raw_bowtie2_PopTremAlba_nomixed_sorted_rmdup_picard_peak_55531	40	.	3.5	4.07966	0.36314	46
Chr11	17164307	17164406	INPUT-poplar_S20_raw_bowtie2_PopTremAlba_nomixed_sorted_rmdup_picard_peak_55637	58	.	4.0	5.86499	1.5928	55
Chr11	17352951	17353086	INPUT-poplar_S20_raw_bowtie2_PopTremAlba_nomixed_sorted_rmdup_picard_peak_55680	59	.	4.5	5.94877	1.6399099999999998	19
Chr12	1864384	1864470	INPUT-poplar_S20_raw_bowtie2_PopTremAlba_nomixed_sorted_rmdup_picard_peak_56277	37	.	3.3256099999999997	3.72232	0.13613	17
Chr12	2509410	2509553	INPUT-poplar_S20_raw_bowtie2_PopTremAlba_nomixed_sorted_rmdup_picard_peak_56389	58	.	4.0	5.86499	1.5928	18
Chr12	4953576	4953648	INPUT-poplar_S20_raw_bowtie2_PopTremAlba_nomixed_sorted_rmdup_picard_peak_56835	40	.	3.5	4.07966	0.36314	22
Chr12	5753182	5753254	INPUT-poplar_S20_raw_bowtie2_PopTremAlba_nomixed_sorted_rmdup_picard_peak_56961	40	.	3.5	4.07966	0.36314	48
Chr12	6391989	6392139	INPUT-poplar_S20_raw_bowtie2_PopTremAlba_nomixed_sorted_rmdup_picard_peak_57111	40	.	3.5	4.07966	0.36314	11
Chr12	7134183	7134322	INPUT-poplar_S20_raw_bowtie2_PopTremAlba_nomixed_sorted_rmdup_picard_peak_57241	40	.	3.4860599999999997	4.05843	0.36314	29
Chr12	7483313	7483479	INPUT-poplar_S20_raw_bowtie2_PopTremAlba_nomixed_sorted_rmdup_picard_peak_57283	46	.	3.87511	4.661230000000001	0.7604	20
Chr12	9004756	9004828	INPUT-poplar_S20_raw_bowtie2_PopTremAlba_nomixed_sorted_rmdup_picard_peak_57475	40	.	3.4736	4.03949	0.36314	20
Chr12	10295383	10295549	INPUT-poplar_S20_raw_bowtie2_PopTremAlba_nomixed_sorted_rmdup_picard_peak_57739	40	.	3.5	4.07966	0.36314	17
Chr12	12577412	12577496	INPUT-poplar_S20_raw_bowtie2_PopTremAlba_nomixed_sorted_rmdup_picard_peak_58225	38	.	3.34225	3.8407400000000003	0.22878	62
Chr12	14443170	14443307	INPUT-poplar_S20_raw_bowtie2_PopTremAlba_nomixed_sorted_rmdup_picard_peak_58642	38	.	3.3653800000000005	3.8756199999999996	0.24964	29
Chr13	891004	891077	INPUT-poplar_S20_raw_bowtie2_PopTremAlba_nomixed_sorted_rmdup_picard_peak_59154	40	.	3.4860599999999997	4.05843	0.36314	47
Chr13	5803471	5803556	INPUT-poplar_S20_raw_bowtie2_PopTremAlba_nomixed_sorted_rmdup_picard_peak_60193	34	.	3.04878	3.40195	0.0	50
Chr13	6175163	6175451	INPUT-poplar_S20_raw_bowtie2_PopTremAlba_nomixed_sorted_rmdup_picard_peak_60267	40	.	3.5	4.07966	0.36314	155
Chr13	9062749	9062883	INPUT-poplar_S20_raw_bowtie2_PopTremAlba_nomixed_sorted_rmdup_picard_peak_60678	40	.	3.5	4.07966	0.36314	30
Chr13	9076047	9076200	INPUT-poplar_S20_raw_bowtie2_PopTremAlba_nomixed_sorted_rmdup_picard_peak_60679	40	.	3.5	4.07966	0.36314	10
Chr13	10501461	10501587	INPUT-poplar_S20_raw_bowtie2_PopTremAlba_nomixed_sorted_rmdup_picard_peak_60933	34	.	3.01205	3.48595	0.0312	17
Chr13	10528198	10528319	INPUT-poplar_S20_raw_bowtie2_PopTremAlba_nomixed_sorted_rmdup_picard_peak_60938	40	.	3.5	4.07966	0.36314	103
Chr14	390497	390693	INPUT-poplar_S20_raw_bowtie2_PopTremAlba_nomixed_sorted_rmdup_picard_peak_62244	38	.	3.3653800000000005	3.8756199999999996	0.24964	13
Chr14	1775918	1776082	INPUT-poplar_S20_raw_bowtie2_PopTremAlba_nomixed_sorted_rmdup_picard_peak_62528	37	.	3.25279	3.70632	0.13613	35
Chr14	2789948	2790173	INPUT-poplar_S20_raw_bowtie2_PopTremAlba_nomixed_sorted_rmdup_picard_peak_62768	37	.	3.18471	3.7475199999999997	0.15562	30
Chr14	3302301	3302441	INPUT-poplar_S20_raw_bowtie2_PopTremAlba_nomixed_sorted_rmdup_picard_peak_62888	40	.	3.5	4.07966	0.36314	24
Chr14	4932787	4932951	INPUT-poplar_S20_raw_bowtie2_PopTremAlba_nomixed_sorted_rmdup_picard_peak_63242	37	.	3.25279	3.70632	0.13613	150
Chr14	7910328	7910408	INPUT-poplar_S20_raw_bowtie2_PopTremAlba_nomixed_sorted_rmdup_picard_peak_63970	37	.	3.3256099999999997	3.72232	0.13613	61
Chr14	8519175	8519248	INPUT-poplar_S20_raw_bowtie2_PopTremAlba_nomixed_sorted_rmdup_picard_peak_64125	38	.	3.3653800000000005	3.8756199999999996	0.24964	38
Chr14	10127357	10127532	INPUT-poplar_S20_raw_bowtie2_PopTremAlba_nomixed_sorted_rmdup_picard_peak_64518	34	.	3.04878	3.40195	0.0	51
Chr14	12851626	12851702	INPUT-poplar_S20_raw_bowtie2_PopTremAlba_nomixed_sorted_rmdup_picard_peak_65111	36	.	3.09598	3.6131599999999997	0.08377000000000001	21
Chr14	13201910	13202069	INPUT-poplar_S20_raw_bowtie2_PopTremAlba_nomixed_sorted_rmdup_picard_peak_65206	47	.	3.84615	4.75242	0.80909	46
Chr14	13404527	13404651	INPUT-poplar_S20_raw_bowtie2_PopTremAlba_nomixed_sorted_rmdup_picard_peak_65239	43	.	3.48297	4.37631	0.5412399999999999	21
Chr14	15397066	15397223	INPUT-poplar_S20_raw_bowtie2_PopTremAlba_nomixed_sorted_rmdup_picard_peak_65616	35	.	3.14748	3.5488800000000005	0.06044	141
Chr14	15662818	15662946	INPUT-poplar_S20_raw_bowtie2_PopTremAlba_nomixed_sorted_rmdup_picard_peak_65672	40	.	3.5	4.07966	0.36314	124
Chr14	15725269	15725406	INPUT-poplar_S20_raw_bowtie2_PopTremAlba_nomixed_sorted_rmdup_picard_peak_65683	33	.	3.09917	3.3750400000000003	0.0	89
Chr14	16144576	16144695	INPUT-poplar_S20_raw_bowtie2_PopTremAlba_nomixed_sorted_rmdup_picard_peak_65764	53	.	3.98089	5.35755	1.22045	35
Chr14	16702586	16702661	INPUT-poplar_S20_raw_bowtie2_PopTremAlba_nomixed_sorted_rmdup_picard_peak_65880	40	.	3.5	4.07966	0.36314	53
Chr14	17413141	17413271	INPUT-poplar_S20_raw_bowtie2_PopTremAlba_nomixed_sorted_rmdup_picard_peak_65989	35	.	3.21888	3.5572800000000004	0.06044	108
Chr14	17965847	17966013	INPUT-poplar_S20_raw_bowtie2_PopTremAlba_nomixed_sorted_rmdup_picard_peak_66095	43	.	3.33333	4.33257	0.51068	153
Chr14	18257726	18257879	INPUT-poplar_S20_raw_bowtie2_PopTremAlba_nomixed_sorted_rmdup_picard_peak_66147	34	.	3.04878	3.40195	0.0	30
Chr15	1661792	1661876	INPUT-poplar_S20_raw_bowtie2_PopTremAlba_nomixed_sorted_rmdup_picard_peak_66656	46	.	3.8798800000000004	4.668769999999999	0.7621100000000001	64
Chr15	2640975	2641121	INPUT-poplar_S20_raw_bowtie2_PopTremAlba_nomixed_sorted_rmdup_picard_peak_66887	38	.	3.3653800000000005	3.8756199999999996	0.24964	116
Chr15	5111229	5111480	INPUT-poplar_S20_raw_bowtie2_PopTremAlba_nomixed_sorted_rmdup_picard_peak_67393	33	.	3.09917	3.3750400000000003	0.0	24
Chr15	9293967	9294048	INPUT-poplar_S20_raw_bowtie2_PopTremAlba_nomixed_sorted_rmdup_picard_peak_68068	40	.	3.3783800000000004	4.04065	0.36314	59
Chr15	11712076	11712173	INPUT-poplar_S20_raw_bowtie2_PopTremAlba_nomixed_sorted_rmdup_picard_peak_68609	35	.	3.14748	3.5488800000000005	0.06044	68
Chr15	13151648	13151735	INPUT-poplar_S20_raw_bowtie2_PopTremAlba_nomixed_sorted_rmdup_picard_peak_68943	40	.	3.5	4.07966	0.36314	61
Chr15	13921808	13921940	INPUT-poplar_S20_raw_bowtie2_PopTremAlba_nomixed_sorted_rmdup_picard_peak_69107	40	.	3.5	4.07966	0.36314	29
Chr16	689586	689668	INPUT-poplar_S20_raw_bowtie2_PopTremAlba_nomixed_sorted_rmdup_picard_peak_69608	50	.	3.66667	5.08049	1.0182799999999999	63
Chr16	6213051	6213200	INPUT-poplar_S20_raw_bowtie2_PopTremAlba_nomixed_sorted_rmdup_picard_peak_70949	35	.	3.21888	3.5572800000000004	0.06044	29
Chr16	7793117	7793254	INPUT-poplar_S20_raw_bowtie2_PopTremAlba_nomixed_sorted_rmdup_picard_peak_71266	49	.	4.0	4.98931	0.9591299999999999	6
Chr16	8068707	8068838	INPUT-poplar_S20_raw_bowtie2_PopTremAlba_nomixed_sorted_rmdup_picard_peak_71317	38	.	3.27869	3.88975	0.25449	94
Chr16	8146478	8146620	INPUT-poplar_S20_raw_bowtie2_PopTremAlba_nomixed_sorted_rmdup_picard_peak_71326	36	.	3.1308700000000003	3.66601	0.11425999999999999	29
Chr16	11679527	11679646	INPUT-poplar_S20_raw_bowtie2_PopTremAlba_nomixed_sorted_rmdup_picard_peak_71898	34	.	3.15789	3.4640800000000005	0.01344	18
Chr16	12680559	12680731	INPUT-poplar_S20_raw_bowtie2_PopTremAlba_nomixed_sorted_rmdup_picard_peak_72114	47	.	3.25	4.79185	0.8295	20
Chr16	13440196	13440343	INPUT-poplar_S20_raw_bowtie2_PopTremAlba_nomixed_sorted_rmdup_picard_peak_72280	38	.	3.3653800000000005	3.8756199999999996	0.24964	15
Chr17	18142	18214	INPUT-poplar_S20_raw_bowtie2_PopTremAlba_nomixed_sorted_rmdup_picard_peak_72520	37	.	3.18471	3.7475199999999997	0.15562	17
Chr17	91163	91290	INPUT-poplar_S20_raw_bowtie2_PopTremAlba_nomixed_sorted_rmdup_picard_peak_72538	40	.	3.3783800000000004	4.04065	0.36314	101
Chr17	171505	171595	INPUT-poplar_S20_raw_bowtie2_PopTremAlba_nomixed_sorted_rmdup_picard_peak_72555	35	.	3.14748	3.5488800000000005	0.06044	41
Chr17	2343414	2343518	INPUT-poplar_S20_raw_bowtie2_PopTremAlba_nomixed_sorted_rmdup_picard_peak_72913	40	.	3.5	4.07966	0.36314	22
Chr17	2923054	2923211	INPUT-poplar_S20_raw_bowtie2_PopTremAlba_nomixed_sorted_rmdup_picard_peak_73018	40	.	3.5	4.07966	0.36314	18
Chr17	5749440	5749516	INPUT-poplar_S20_raw_bowtie2_PopTremAlba_nomixed_sorted_rmdup_picard_peak_73586	32	.	3.02054	3.25679	0.0	69
Chr17	7123241	7123313	INPUT-poplar_S20_raw_bowtie2_PopTremAlba_nomixed_sorted_rmdup_picard_peak_73768	47	.	3.84615	4.75242	0.80909	46
Chr17	9052669	9052741	INPUT-poplar_S20_raw_bowtie2_PopTremAlba_nomixed_sorted_rmdup_picard_peak_74114	40	.	3.5	4.07966	0.36314	54
Chr17	9551407	9551517	INPUT-poplar_S20_raw_bowtie2_PopTremAlba_nomixed_sorted_rmdup_picard_peak_74219	40	.	3.5	4.07966	0.36314	82
Chr17	12133194	12133269	INPUT-poplar_S20_raw_bowtie2_PopTremAlba_nomixed_sorted_rmdup_picard_peak_74775	34	.	3.14597	3.44595	0.0	46
Chr17	12562123	12562261	INPUT-poplar_S20_raw_bowtie2_PopTremAlba_nomixed_sorted_rmdup_picard_peak_74878	43	.	3.33333	4.33257	0.51068	16
Chr17	15206645	15206764	INPUT-poplar_S20_raw_bowtie2_PopTremAlba_nomixed_sorted_rmdup_picard_peak_75450	40	.	3.5	4.07966	0.36314	13
Chr17	15679597	15679727	INPUT-poplar_S20_raw_bowtie2_PopTremAlba_nomixed_sorted_rmdup_picard_peak_75524	40	.	3.5	4.07966	0.36314	7
Chr17	16076289	16076413	INPUT-poplar_S20_raw_bowtie2_PopTremAlba_nomixed_sorted_rmdup_picard_peak_75595	59	.	4.482069999999999	5.920719999999999	1.6354	16
Chr18	1532476	1532641	INPUT-poplar_S20_raw_bowtie2_PopTremAlba_nomixed_sorted_rmdup_picard_peak_75902	37	.	3.18471	3.7475199999999997	0.15562	142
Chr18	5645346	5645443	INPUT-poplar_S20_raw_bowtie2_PopTremAlba_nomixed_sorted_rmdup_picard_peak_76709	43	.	3.31565	4.30417	0.50684	84
Chr18	5695575	5695695	INPUT-poplar_S20_raw_bowtie2_PopTremAlba_nomixed_sorted_rmdup_picard_peak_76721	42	.	3.38855	4.23024	0.4532	89
Chr18	7851438	7851544	INPUT-poplar_S20_raw_bowtie2_PopTremAlba_nomixed_sorted_rmdup_picard_peak_77028	40	.	3.4860599999999997	4.05843	0.36314	23
Chr18	7877905	7878054	INPUT-poplar_S20_raw_bowtie2_PopTremAlba_nomixed_sorted_rmdup_picard_peak_77036	35	.	3.14748	3.5488800000000005	0.06044	25
Chr18	9151809	9151881	INPUT-poplar_S20_raw_bowtie2_PopTremAlba_nomixed_sorted_rmdup_picard_peak_77307	40	.	3.5	4.07966	0.36314	45
Chr18	11293461	11293533	INPUT-poplar_S20_raw_bowtie2_PopTremAlba_nomixed_sorted_rmdup_picard_peak_77663	34	.	3.09735	3.4741800000000005	0.023	25
Chr18	13394978	13395050	INPUT-poplar_S20_raw_bowtie2_PopTremAlba_nomixed_sorted_rmdup_picard_peak_78144	37	.	3.3256099999999997	3.72232	0.13613	47
Chr18	15198380	15198517	INPUT-poplar_S20_raw_bowtie2_PopTremAlba_nomixed_sorted_rmdup_picard_peak_78531	38	.	3.3653800000000005	3.8756199999999996	0.24964	115
Chr18	15537600	15537678	INPUT-poplar_S20_raw_bowtie2_PopTremAlba_nomixed_sorted_rmdup_picard_peak_78599	34	.	3.04878	3.40195	0.0	43
Chr18	15994194	15994329	INPUT-poplar_S20_raw_bowtie2_PopTremAlba_nomixed_sorted_rmdup_picard_peak_78677	38	.	3.3653800000000005	3.8756199999999996	0.24964	118
Chr18	16334939	16335081	INPUT-poplar_S20_raw_bowtie2_PopTremAlba_nomixed_sorted_rmdup_picard_peak_78754	37	.	3.25279	3.70632	0.13613	32
Chr19	64145	64272	INPUT-poplar_S20_raw_bowtie2_PopTremAlba_nomixed_sorted_rmdup_picard_peak_78893	54	.	4.05055	5.4666	1.29859	110
Chr19	364465	364648	INPUT-poplar_S20_raw_bowtie2_PopTremAlba_nomixed_sorted_rmdup_picard_peak_78948	40	.	3.5	4.07966	0.36314	131
Chr19	875402	875508	INPUT-poplar_S20_raw_bowtie2_PopTremAlba_nomixed_sorted_rmdup_picard_peak_79042	39	.	3.09406	3.9458300000000004	0.30105	66
Chr19	1936467	1936598	INPUT-poplar_S20_raw_bowtie2_PopTremAlba_nomixed_sorted_rmdup_picard_peak_79189	43	.	3.33333	4.33257	0.51068	19
Chr19	2781824	2781896	INPUT-poplar_S20_raw_bowtie2_PopTremAlba_nomixed_sorted_rmdup_picard_peak_79336	37	.	3.3256099999999997	3.72232	0.13613	36
Chr19	2856998	2857143	INPUT-poplar_S20_raw_bowtie2_PopTremAlba_nomixed_sorted_rmdup_picard_peak_79360	35	.	3.14748	3.5488800000000005	0.06044	117
Chr19	3019485	3019633	INPUT-poplar_S20_raw_bowtie2_PopTremAlba_nomixed_sorted_rmdup_picard_peak_79381	76	.	3.64238	7.68007	2.91883	119
Chr19	5259126	5259270	INPUT-poplar_S20_raw_bowtie2_PopTremAlba_nomixed_sorted_rmdup_picard_peak_79807	35	.	3.14748	3.5488800000000005	0.06044	21
Chr19	13818485	13818557	INPUT-poplar_S20_raw_bowtie2_PopTremAlba_nomixed_sorted_rmdup_picard_peak_81353	91	.	5.03555	9.132589999999999	3.93131	49
Chr19	15210602	15210674	INPUT-poplar_S20_raw_bowtie2_PopTremAlba_nomixed_sorted_rmdup_picard_peak_81601	35	.	3.14748	3.5488800000000005	0.06044	12
scaffold_1184	9153	9325	INPUT-poplar_S20_raw_bowtie2_PopTremAlba_nomixed_sorted_rmdup_picard_peak_81949	43	.	3.33333	4.33257	0.51068	143
scaffold_168	88185	88344	INPUT-poplar_S20_raw_bowtie2_PopTremAlba_nomixed_sorted_rmdup_picard_peak_82426	34	.	3.04878	3.40195	0.0	150
scaffold_169	73254	73346	INPUT-poplar_S20_raw_bowtie2_PopTremAlba_nomixed_sorted_rmdup_picard_peak_82454	35	.	3.21888	3.5572800000000004	0.06044	57
scaffold_21	6174	6261	INPUT-poplar_S20_raw_bowtie2_PopTremAlba_nomixed_sorted_rmdup_picard_peak_82906	40	.	3.4860599999999997	4.05843	0.36314	61
scaffold_21	224511	224617	INPUT-poplar_S20_raw_bowtie2_PopTremAlba_nomixed_sorted_rmdup_picard_peak_82917	49	.	3.8713	4.97492	0.9591299999999999	16
scaffold_21	426197	426269	INPUT-poplar_S20_raw_bowtie2_PopTremAlba_nomixed_sorted_rmdup_picard_peak_82934	64	.	3.33333	6.46191	2.02916	48
scaffold_213	14328	14428	INPUT-poplar_S20_raw_bowtie2_PopTremAlba_nomixed_sorted_rmdup_picard_peak_82985	40	.	3.5	4.07966	0.36314	65
scaffold_22	231945	232025	INPUT-poplar_S20_raw_bowtie2_PopTremAlba_nomixed_sorted_rmdup_picard_peak_83031	38	.	3.27869	3.88975	0.25449	20
scaffold_22	404207	404361	INPUT-poplar_S20_raw_bowtie2_PopTremAlba_nomixed_sorted_rmdup_picard_peak_83042	92	.	3.08333	9.237789999999999	4.0056	122
scaffold_24	639639	639722	INPUT-poplar_S20_raw_bowtie2_PopTremAlba_nomixed_sorted_rmdup_picard_peak_83398	40	.	3.5	4.07966	0.36314	20
scaffold_240	57664	57823	INPUT-poplar_S20_raw_bowtie2_PopTremAlba_nomixed_sorted_rmdup_picard_peak_83402	40	.	3.44896	4.00206	0.34962	28
scaffold_27	232347	232498	INPUT-poplar_S20_raw_bowtie2_PopTremAlba_nomixed_sorted_rmdup_picard_peak_83708	43	.	3.59712	4.37237	0.53861	123
scaffold_2781	2270	2421	INPUT-poplar_S20_raw_bowtie2_PopTremAlba_nomixed_sorted_rmdup_picard_peak_83763	40	.	3.5	4.07966	0.36314	129
scaffold_32	377096	377264	INPUT-poplar_S20_raw_bowtie2_PopTremAlba_nomixed_sorted_rmdup_picard_peak_84178	64	.	3.33333	6.46191	2.02916	145
scaffold_37	207662	207742	INPUT-poplar_S20_raw_bowtie2_PopTremAlba_nomixed_sorted_rmdup_picard_peak_84433	43	.	3.33333	4.33257	0.51068	21
scaffold_38	133172	133246	INPUT-poplar_S20_raw_bowtie2_PopTremAlba_nomixed_sorted_rmdup_picard_peak_84491	40	.	3.5	4.07966	0.36314	64
scaffold_411	25587	25659	INPUT-poplar_S20_raw_bowtie2_PopTremAlba_nomixed_sorted_rmdup_picard_peak_84709	40	.	3.5	4.07966	0.36314	52
scaffold_42	122108	122181	INPUT-poplar_S20_raw_bowtie2_PopTremAlba_nomixed_sorted_rmdup_picard_peak_84733	40	.	3.5	4.07966	0.36314	28
scaffold_47	211664	211794	INPUT-poplar_S20_raw_bowtie2_PopTremAlba_nomixed_sorted_rmdup_picard_peak_84908	37	.	3.3256099999999997	3.72232	0.13613	29
scaffold_47	216860	217008	INPUT-poplar_S20_raw_bowtie2_PopTremAlba_nomixed_sorted_rmdup_picard_peak_84909	40	.	3.5	4.07966	0.36314	136
scaffold_51	225815	225961	INPUT-poplar_S20_raw_bowtie2_PopTremAlba_nomixed_sorted_rmdup_picard_peak_85120	40	.	3.5	4.07966	0.36314	14
scaffold_645	6999	7148	INPUT-poplar_S20_raw_bowtie2_PopTremAlba_nomixed_sorted_rmdup_picard_peak_85420	40	.	3.5	4.07966	0.36314	31
scaffold_67	174060	174143	INPUT-poplar_S20_raw_bowtie2_PopTremAlba_nomixed_sorted_rmdup_picard_peak_85504	37	.	3.25279	3.70632	0.13613	61
scaffold_76	1372	1452	INPUT-poplar_S20_raw_bowtie2_PopTremAlba_nomixed_sorted_rmdup_picard_peak_85742	102	.	5.66667	10.251339999999999	4.71518	55
